namelsad,sumlev,geocode,state,placefp,pop2020,hu2020
Aberdeen town,160,3700160,37,160,8516,3879
Advance CDP,160,3700440,37,440,1499,631
Ahoskie town,160,3700500,37,500,4891,2326
Alamance village,160,3700640,37,640,988,400
Albemarle city,160,3700680,37,680,16432,7511
Alexis CDP,160,3700880,37,880,589,276
Alliance town,160,3701000,37,1000,733,328
Altamahaw CDP,160,3701140,37,1140,334,150
Anderson Creek CDP,160,3701340,37,1340,13636,5175
Andrews town,160,3701380,37,1380,1667,895
Angier town,160,3701400,37,1400,5265,2162
Ansonville town,160,3701420,37,1420,440,213
Apex town,160,3701520,37,1520,58780,22151
Aquadale CDP,160,3701560,37,1560,348,169
Arapahoe town,160,3701640,37,1640,416,219
Archdale city,160,3701720,37,1720,11907,5138
Archer Lodge town,160,3701760,37,1760,4797,1707
Arrowhead Beach CDP,160,3701972,37,1972,640,487
Asheboro city,160,3702080,37,2080,27156,11855
Asheville city,160,3702140,37,2140,94589,47606
Ashley Heights CDP,160,3702240,37,2240,301,150
Askewville town,160,3702320,37,2320,184,97
Atkinson town,160,3702460,37,2460,296,126
Atlantic CDP,160,3702480,37,2480,468,374
Atlantic Beach town,160,3702500,37,2500,1364,4844
Aulander town,160,3702580,37,2580,763,403
Aurora town,160,3702620,37,2620,455,275
Autryville town,160,3702700,37,2700,167,98
Avery Creek CDP,160,3702760,37,2760,2241,917
Avon CDP,160,3702780,37,2780,832,1631
Ayden town,160,3702840,37,2840,4977,2516
Badin town,160,3702960,37,2960,2024,605
Bailey town,160,3703020,37,3020,568,246
Bakersville town,160,3703100,37,3100,450,244
Bald Head Island village,160,3703150,37,3150,268,1050
Balfour CDP,160,3703220,37,3220,1335,595
Banner Elk town,160,3703500,37,3500,1049,622
Barker Heights CDP,160,3703640,37,3640,1249,502
Barker Ten Mile CDP,160,3703665,37,3665,937,391
Barnardsville CDP,160,3703720,37,3720,559,255
Bath town,160,3703840,37,3840,245,163
Bayboro town,160,3703960,37,3960,1161,312
Bayshore CDP,160,3704015,37,4015,3833,1583
Bayview CDP,160,3704040,37,4040,298,264
Bear Grass town,160,3704180,37,4180,89,41
Beaufort town,160,3704260,37,4260,4464,3094
Beech Mountain town,160,3704510,37,4510,675,2356
Belhaven town,160,3704640,37,4640,1410,893
Bell Arthur CDP,160,3704680,37,4680,477,190
Belmont city,160,3704840,37,4840,15010,6426
Belville town,160,3704950,37,4950,2406,1014
Belvoir CDP,160,3704955,37,4955,315,120
Belwood town,160,3704960,37,4960,857,426
Bennett CDP,160,3705020,37,5020,284,137
Benson town,160,3705040,37,5040,3967,1763
Bent Creek CDP,160,3705049,37,5049,1402,609
Bermuda Run town,160,3705135,37,5135,3120,1593
Bessemer City city,160,3705220,37,5220,5428,2445
Bethania town,160,3705340,37,5340,344,168
Bethel town,160,3705460,37,5460,1373,700
Bethlehem CDP,160,3705530,37,5530,4491,2014
Beulaville town,160,3705660,37,5660,1116,648
Biltmore Forest town,160,3705880,37,5880,1409,683
Biscoe town,160,3706000,37,6000,1848,669
Black Creek town,160,3706080,37,6080,692,318
Black Mountain town,160,3706140,37,6140,8426,4476
Bladenboro town,160,3706240,37,6240,1648,851
Blowing Rock town,160,3706500,37,6500,1376,2084
Blue Clay Farms CDP,160,3706510,37,6510,168,72
Boardman town,160,3706660,37,6660,166,82
Bogue town,160,3706740,37,6740,695,319
Boiling Spring Lakes city,160,3706760,37,6760,5943,2605
Boiling Springs town,160,3706800,37,6800,4615,1465
Bolivia town,160,3706820,37,6820,149,69
Bolton town,160,3706860,37,6860,519,273
Bonnetsville CDP,160,3706980,37,6980,318,151
Boone town,160,3707080,37,7080,19092,7217
Boonville town,160,3707140,37,7140,1185,555
Bostic town,160,3707220,37,7220,355,180
Bowdens CDP,160,3707340,37,7340,196,116
Bowmore CDP,160,3707400,37,7400,76,43
Brandywine Bay CDP,160,3707588,37,7588,1153,629
Brevard city,160,3707720,37,7720,7744,3935
Briar Chapel CDP,160,3707748,37,7748,5108,1955
Brices Creek CDP,160,3707765,37,7765,3542,1370
Bridgeton town,160,3707860,37,7860,349,217
Broad Creek CDP,160,3708040,37,8040,1968,1287
Broadway town,160,3708080,37,8080,1267,564
Brogden CDP,160,3708110,37,8110,2510,1084
Brookford town,160,3708140,37,8140,442,218
Brunswick town,160,3708420,37,8420,973,157
Bryson City town,160,3708480,37,8480,1558,836
Buies Creek CDP,160,3708760,37,8760,3253,1170
Bunn town,160,3708860,37,8860,327,166
Bunnlevel CDP,160,3708880,37,8880,516,246
Burgaw town,160,3708960,37,8960,3088,1418
Burlington city,160,3709060,37,9060,57303,25771
Burnsville town,160,3709140,37,9140,1614,870
Butner town,160,3709360,37,9360,8397,3112
Butters CDP,160,3709380,37,9380,250,131
Buxton CDP,160,3709400,37,9400,1181,940
Cajah's Mountain town,160,3709530,37,9530,2722,1196
Calabash town,160,3709540,37,9540,2011,1546
Calypso town,160,3709760,37,9760,327,184
Camden CDP,160,3709780,37,9780,620,279
Cameron town,160,3709800,37,9800,244,137
Candor town,160,3710120,37,10120,813,322
Canton town,160,3710240,37,10240,4422,2086
Cape Carteret town,160,3710260,37,10260,2224,1142
Cape Colony CDP,160,3710264,37,10264,691,383
Caroleen CDP,160,3710460,37,10460,560,265
Carolina Beach town,160,3710500,37,10500,6564,5618
Carolina Meadows CDP,160,3710532,37,10532,727,488
Carolina Shores town,160,3710550,37,10550,4588,2767
Carrboro town,160,3710620,37,10620,21295,9912
Carthage town,160,3710680,37,10680,2775,1216
Cary town,160,3710740,37,10740,174721,70171
Casar town,160,3710760,37,10760,305,150
Cashiers CDP,160,3710800,37,10800,657,682
Castalia town,160,3710860,37,10860,264,129
Castle Hayne CDP,160,3710880,37,10880,1243,564
Caswell Beach town,160,3710960,37,10960,395,681
Catawba town,160,3710980,37,10980,702,307
Cedar Point town,160,3711340,37,11340,1764,1237
Cedar Rock village,160,3711352,37,11352,301,136
Centerville CDP,160,3711560,37,11560,149,85
Cerro Gordo town,160,3711620,37,11620,131,69
Chadbourn town,160,3711640,37,11640,1574,845
Chapel Hill town,160,3711800,37,11800,61960,23713
Charlotte city,160,3712000,37,12000,874579,379904
Cherokee CDP,160,3712140,37,12140,2195,918
Cherry Branch CDP,160,3712186,37,12186,1211,461
Cherryville city,160,3712340,37,12340,6078,2745
Chimney Rock Village village,160,3712460,37,12460,140,168
China Grove town,160,3712480,37,12480,4434,1911
Chinquapin CDP,160,3712520,37,12520,86,65
Chocowinity town,160,3712580,37,12580,722,389
Chowan Beach CDP,160,3712590,37,12590,385,188
Claremont city,160,3712720,37,12720,1692,774
Clarkton town,160,3712780,37,12780,614,297
Clayton town,160,3712860,37,12860,26307,10576
Clemmons village,160,3712960,37,12960,21163,8897
Cleveland town,160,3713000,37,13000,846,374
Cliffside CDP,160,3713100,37,13100,530,234
Clinton city,160,3713240,37,13240,8383,3772
Clyde town,160,3713280,37,13280,1368,637
Coats town,160,3713360,37,13360,2155,998
Cofield village,160,3713460,37,13460,267,157
Coinjock CDP,160,3713500,37,13500,337,165
Colerain town,160,3713560,37,13560,217,113
Columbia town,160,3713940,37,13940,610,349
Columbus town,160,3713980,37,13980,1060,472
Como town,160,3714060,37,14060,67,43
Concord city,160,3714100,37,14100,105240,40772
Conetoe town,160,3714200,37,14200,198,118
Connelly Springs town,160,3714280,37,14280,1529,838
Conover city,160,3714340,37,14340,8421,3805
Conway town,160,3714400,37,14400,752,363
Cooleemee town,160,3714460,37,14460,940,424
Cordova CDP,160,3714600,37,14600,1653,738
Cornelius town,160,3714700,37,14700,31412,14536
Cove City town,160,3715020,37,15020,378,197
Cove Creek CDP,160,3715040,37,15040,1068,573
Cramerton town,160,3715260,37,15260,5296,2506
Creedmoor city,160,3715320,37,15320,4866,1953
Creswell town,160,3715420,37,15420,207,122
Cricket CDP,160,3715440,37,15440,1966,873
Crossnore town,160,3715580,37,15580,143,75
Crouse CDP,160,3715640,37,15640,322,160
Cullowhee CDP,160,3715880,37,15880,7682,2366
Cypress Landing CDP,160,3716084,37,16084,1257,661
Dallas town,160,3716180,37,16180,5927,2522
Dana CDP,160,3716220,37,16220,3683,1463
Danbury town,160,3716240,37,16240,189,51
Davidson town,160,3716400,37,16400,15106,5898
Davis CDP,160,3716480,37,16480,311,240
Deep Run CDP,160,3716720,37,16720,572,248
Deercroft CDP,160,3716730,37,16730,414,190
Delco CDP,160,3716780,37,16780,287,143
Dellview town,160,3716820,37,16820,6,3
Delway CDP,160,3716860,37,16860,150,89
Denton town,160,3716980,37,16980,1494,731
Denver CDP,160,3717000,37,17000,2697,1206
Dillsboro town,160,3717180,37,17180,213,136
Dobbins Heights town,160,3717325,37,17325,687,378
Dobson town,160,3717340,37,17340,1462,594
Dortches town,160,3717520,37,17520,1082,477
Dover town,160,3717660,37,17660,349,186
Drexel town,160,3717860,37,17860,1760,811
Dublin town,160,3718040,37,18040,267,120
Duck town,160,3718060,37,18060,742,2461
Dudley CDP,160,3718080,37,18080,826,364
Dundarrach CDP,160,3718300,37,18300,34,18
Dunn city,160,3718320,37,18320,8446,4150
Durham city,160,3719000,37,19000,283506,128005
Earl town,160,3719140,37,19140,198,106
East Arcadia town,160,3719300,37,19300,418,198
East Bend town,160,3719320,37,19320,634,291
East Flat Rock CDP,160,3719420,37,19420,5757,2286
East Laurinburg town,160,3719620,37,19620,234,122
Eastover town,160,3719740,37,19740,3656,1658
East Rockingham CDP,160,3719800,37,19800,3471,1572
East Spencer town,160,3719860,37,19860,1567,784
Eden city,160,3720080,37,20080,15421,7740
Edenton town,160,3720120,37,20120,4460,2449
Edneyville CDP,160,3720280,37,20280,2395,1065
Efland CDP,160,3720420,37,20420,852,369
Elizabeth City city,160,3720580,37,20580,18631,8642
Elizabethtown town,160,3720600,37,20600,3296,1631
Elkin town,160,3720620,37,20620,4122,2059
Elk Park town,160,3720700,37,20700,542,287
Ellenboro town,160,3720780,37,20780,723,353
Ellerbe town,160,3720840,37,20840,864,426
Elm City town,160,3720980,37,20980,1218,588
Elon town,160,3721095,37,21095,11336,3175
Elrod CDP,160,3721120,37,21120,391,158
Elroy CDP,160,3721130,37,21130,3755,1701
Emerald Isle town,160,3721160,37,21160,3847,6769
Emma CDP,160,3721260,37,21260,2174,872
Enfield town,160,3721360,37,21360,1865,1034
Engelhard CDP,160,3721380,37,21380,374,233
Enochville CDP,160,3721500,37,21500,2893,1258
Erwin town,160,3721740,37,21740,4542,2026
Etowah CDP,160,3721880,37,21880,7642,3680
Eureka town,160,3721960,37,21960,214,102
Everetts town,160,3722040,37,22040,150,82
Evergreen CDP,160,3722080,37,22080,336,165
Fair Bluff town,160,3722240,37,22240,709,417
Fairfield CDP,160,3722280,37,22280,231,127
Fairfield Harbour CDP,160,3722305,37,22305,2767,1744
Fairmont town,160,3722360,37,22360,2191,1107
Fairplains CDP,160,3722380,37,22380,2029,939
Fairview CDP,160,3722440,37,22440,2771,1256
Fairview town,160,3722500,37,22500,3456,1364
Faison town,160,3722560,37,22560,784,387
Faith town,160,3722600,37,22600,819,354
Falcon town,160,3722620,37,22620,324,88
Falkland town,160,3722640,37,22640,47,29
Fallston town,160,3722720,37,22720,627,261
Farmington CDP,160,3722800,37,22800,291,140
Farmville town,160,3722820,37,22820,4461,2237
Fayetteville city,160,3722920,37,22920,208501,90326
Fearrington Village CDP,160,3722982,37,22982,2557,1605
Five Points CDP,160,3723520,37,23520,961,373
Flat Rock village,160,3723600,37,23600,3486,2176
Flat Rock CDP,160,3723640,37,23640,1326,720
Fletcher town,160,3723760,37,23760,7987,3642
Fontana Dam town,160,3723980,37,23980,13,70
Forest City town,160,3724080,37,24080,7377,3511
Forest Hills village,160,3724170,37,24170,303,194
Forest Oaks CDP,160,3724198,37,24198,4209,1664
Foscoe CDP,160,3724380,37,24380,1457,1555
Fountain town,160,3724440,37,24440,385,195
Four Oaks town,160,3724520,37,24520,2158,955
Foxfire village,160,3724570,37,24570,1288,648
Franklin town,160,3724640,37,24640,4175,2299
Franklinton town,160,3724720,37,24720,2456,1169
Franklinville town,160,3724740,37,24740,1197,468
Fremont town,160,3724900,37,24900,1196,598
Frisco CDP,160,3725020,37,25020,994,1088
Fruitland CDP,160,3725160,37,25160,2257,1349
Fuquay-Varina town,160,3725300,37,25300,34152,13204
Gamewell town,160,3725380,37,25380,3702,1683
Garland town,160,3725460,37,25460,595,287
Garner town,160,3725480,37,25480,31159,13779
Garysburg town,160,3725540,37,25540,904,502
Gaston town,160,3725560,37,25560,1008,482
Gastonia city,160,3725580,37,25580,80411,34346
Gatesville town,160,3725680,37,25680,267,145
Germanton CDP,160,3725880,37,25880,790,389
Gerton CDP,160,3725900,37,25900,290,258
Gibson town,160,3725940,37,25940,449,218
Gibsonville town,160,3725980,37,25980,8920,3653
Glen Alpine town,160,3726200,37,26200,1529,678
Glen Raven CDP,160,3726460,37,26460,3239,1272
Glenville CDP,160,3726520,37,26520,155,242
Glenwood CDP,160,3726560,37,26560,501,233
Gloucester CDP,160,3726680,37,26680,495,315
Godwin town,160,3726740,37,26740,128,58
Gold Hill CDP,160,3726800,37,26800,372,168
Goldsboro city,160,3726880,37,26880,33657,16213
Goldston town,160,3726920,37,26920,234,131
Gorman CDP,160,3727120,37,27120,1104,432
Governors Club CDP,160,3727180,37,27180,1969,971
Governors Village CDP,160,3727182,37,27182,1512,718
Graham city,160,3727280,37,27280,17157,7840
Graingers CDP,160,3727300,37,27300,229,129
Grandfather Village village,160,3727324,37,27324,95,406
Grandy CDP,160,3727400,37,27400,2776,1386
Granite Falls town,160,3727420,37,27420,4965,2105
Granite Quarry town,160,3727440,37,27440,2984,1290
Grantsboro town,160,3727520,37,27520,692,310
Greenevers town,160,3727780,37,27780,567,287
Green Level town,160,3727870,37,27870,3152,1217
Greensboro city,160,3728000,37,28000,299035,131976
Greenville city,160,3728080,37,28080,87521,45147
Grifton town,160,3728200,37,28200,2448,1089
Grimesland town,160,3728240,37,28240,386,200
Grover town,160,3728400,37,28400,802,331
Gulf CDP,160,3728600,37,28600,122,60
Half Moon CDP,160,3728900,37,28900,7543,3100
Halifax town,160,3728920,37,28920,170,114
Hallsboro CDP,160,3729000,37,29000,382,219
Hamilton town,160,3729120,37,29120,306,165
Hamlet city,160,3729160,37,29160,6025,2822
Hampstead CDP,160,3729180,37,29180,7016,2898
Harkers Island CDP,160,3729560,37,29560,1127,1178
Harmony town,160,3729640,37,29640,543,219
Harrells town,160,3729680,37,29680,160,90
Harrellsville town,160,3729720,37,29720,85,50
Harrisburg town,160,3729800,37,29800,18967,6374
Hassell town,160,3730040,37,30040,49,31
Hatteras CDP,160,3730100,37,30100,577,813
Havelock city,160,3730120,37,30120,16621,6545
Haw River town,160,3730260,37,30260,2252,1096
Hayesville town,160,3730280,37,30280,461,229
Hays CDP,160,3730340,37,30340,1595,732
Hemby Bridge town,160,3730620,37,30620,1614,605
Henderson city,160,3730660,37,30660,15060,6876
Hendersonville city,160,3730720,37,30720,15137,8371
Henrietta CDP,160,3730800,37,30800,395,168
Hertford town,160,3730900,37,30900,1934,1009
Hickory city,160,3731060,37,31060,43490,20064
Hiddenite CDP,160,3731260,37,31260,507,247
Highlands town,160,3731360,37,31360,1072,2307
High Point city,160,3731400,37,31400,114059,47951
High Shoals city,160,3731440,37,31440,595,259
Hightsville CDP,160,3731490,37,31490,710,171
Hildebran town,160,3731500,37,31500,1679,773
Hillsborough town,160,3731620,37,31620,9660,4267
Hobgood town,160,3731860,37,31860,268,158
Hobucken CDP,160,3731880,37,31880,99,101
Hoffman town,160,3731920,37,31920,418,208
Holden Beach town,160,3731960,37,31960,921,2303
Hollister CDP,160,3732100,37,32100,618,340
Holly Ridge town,160,3732180,37,32180,4171,2205
Holly Springs town,160,3732260,37,32260,41239,14237
Hookerton town,160,3732540,37,32540,413,192
Hoopers Creek CDP,160,3732580,37,32580,1074,493
Hope Mills town,160,3732640,37,32640,17808,7060
Horse Shoe CDP,160,3732740,37,32740,2430,1035
Hot Springs town,160,3732840,37,32840,520,315
Hudson town,160,3732980,37,32980,3780,1717
Huntersville town,160,3733120,37,33120,61376,23962
Icard CDP,160,3733320,37,33320,2452,1083
Indian Beach town,160,3733460,37,33460,223,1689
Indian Trail town,160,3733560,37,33560,39997,13712
Ingold CDP,160,3733640,37,33640,416,180
Iron Station CDP,160,3733820,37,33820,825,341
Ivanhoe CDP,160,3733940,37,33940,198,107
JAARS CDP,160,3733993,37,33993,471,211
Jackson town,160,3734000,37,34000,430,235
Jackson Heights CDP,160,3734038,37,34038,1071,474
Jackson Springs CDP,160,3734160,37,34160,154,70
Jacksonville city,160,3734200,37,34200,72723,24004
James City CDP,160,3734260,37,34260,5291,2532
Jamestown town,160,3734300,37,34300,3668,1739
Jamesville town,160,3734320,37,34320,424,227
Jefferson town,160,3734440,37,34440,1622,782
Jonesville town,160,3734840,37,34840,2308,1132
Kannapolis city,160,3735200,37,35200,53114,21963
Keener CDP,160,3735340,37,35340,540,226
Kelford town,160,3735360,37,35360,203,112
Kelly CDP,160,3735440,37,35440,446,256
Kenansville town,160,3735460,37,35460,770,367
Kenly town,160,3735540,37,35540,1491,709
Kernersville town,160,3735600,37,35600,26449,12563
Kill Devil Hills town,160,3735720,37,35720,7656,7020
King city,160,3735760,37,35760,7197,3159
Kings Grant CDP,160,3735870,37,35870,8466,3705
Kings Mountain city,160,3735880,37,35880,11142,4883
Kingstown town,160,3735890,37,35890,656,271
Kinston city,160,3735920,37,35920,19900,10476
Kittrell town,160,3736020,37,36020,132,64
Kitty Hawk town,160,3736060,37,36060,3689,3207
Knightdale town,160,3736080,37,36080,19435,7635
Kure Beach town,160,3736220,37,36220,2191,2121
La Grange town,160,3736400,37,36400,2595,1342
Lake Junaluska CDP,160,3736480,37,36480,3219,2018
Lake Lure town,160,3736500,37,36500,1365,2250
Lake Norman of Catawba CDP,160,3736510,37,36510,8658,4548
Lake Norman of Iredell CDP,160,3736511,37,36511,11395,4753
Lake Park village,160,3736512,37,36512,3269,1254
Lake Royale CDP,160,3736513,37,36513,3392,2489
Lake Santeetlah town,160,3736514,37,36514,38,118
Lake Waccamaw town,160,3736640,37,36640,1296,958
Landis town,160,3736860,37,36860,3690,1639
Lansing town,160,3736960,37,36960,126,78
Lasker town,160,3737000,37,37000,64,49
Lattimore town,160,3737040,37,37040,406,146
Laurel Hill CDP,160,3737120,37,37120,1121,529
Laurel Park town,160,3737160,37,37160,2250,1310
Laurinburg city,160,3737220,37,37220,14978,6805
Lawndale town,160,3737260,37,37260,570,282
Leggett town,160,3737640,37,37640,37,24
Leland town,160,3737680,37,37680,22908,10905
Lenoir city,160,3737760,37,37760,18352,8401
Lewiston Woodville town,160,3738030,37,38030,426,215
Lewisville town,160,3738040,37,38040,13381,5485
Lexington city,160,3738060,37,38060,19632,8906
Liberty town,160,3738100,37,38100,2655,1209
Light Oak CDP,160,3738170,37,38170,697,311
Lilesville town,160,3738200,37,38200,395,189
Lillington town,160,3738220,37,38220,4735,1504
Lincolnton city,160,3738320,37,38320,11091,5225
Linden town,160,3738360,37,38360,136,64
Linville CDP,160,3738420,37,38420,283,343
Littleton town,160,3738680,37,38680,559,342
Locust city,160,3738860,37,38860,4537,1925
Long Creek CDP,160,3739060,37,39060,277,130
Long View town,160,3739280,37,39280,5088,2353
Louisburg town,160,3739360,37,39360,3064,1283
Love Valley town,160,3739420,37,39420,154,192
Lowell city,160,3739480,37,39480,3654,1598
Lowesville CDP,160,3739520,37,39520,3281,1321
Lowgap CDP,160,3739540,37,39540,267,140
Lucama town,160,3739600,37,39600,1036,475
Lumber Bridge town,160,3739680,37,39680,82,37
Lumberton city,160,3739700,37,39700,19025,8531
McAdenville town,160,3739880,37,39880,890,375
Macclesfield town,160,3739960,37,39960,413,221
McDonald town,160,3740140,37,40140,94,41
McFarlan town,160,3740240,37,40240,94,41
McLeansville CDP,160,3740460,37,40460,1113,466
Macon town,160,3740540,37,40540,110,54
Madison town,160,3740560,37,40560,2129,1131
Maggie Valley town,160,3740600,37,40600,1687,1709
Magnolia town,160,3740640,37,40640,831,389
Maiden town,160,3740660,37,40660,3736,1493
Mamers CDP,160,3740860,37,40860,814,350
Manns Harbor CDP,160,3740980,37,40980,790,472
Manteo town,160,3741060,37,41060,1600,1344
Marble CDP,160,3741220,37,41220,278,152
Marietta town,160,3741380,37,41380,111,53
Marion city,160,3741420,37,41420,7717,3142
Mar-Mac CDP,160,3741540,37,41540,3184,1506
Marshall town,160,3741580,37,41580,777,462
Marshallberg CDP,160,3741600,37,41600,341,277
Mars Hill town,160,3741620,37,41620,2007,725
Marshville town,160,3741640,37,41640,2522,952
Marvin village,160,3741720,37,41720,6358,1888
Matthews town,160,3741960,37,41960,29435,12156
Maury CDP,160,3742000,37,42000,1404,199
Maxton town,160,3742020,37,42020,2110,1061
Mayodan town,160,3742060,37,42060,2418,1330
Maysville town,160,3742100,37,42100,818,462
Mebane city,160,3742240,37,42240,17797,7736
Mesic town,160,3742480,37,42480,144,92
Micro town,160,3742620,37,42620,458,212
Middleburg town,160,3742640,37,42640,101,43
Middlesex town,160,3742700,37,42700,912,468
Midland town,160,3742760,37,42760,4684,1745
Midway town,160,3742860,37,42860,4742,2022
Millers Creek CDP,160,3743160,37,43160,1931,915
Millingport CDP,160,3743200,37,43200,588,252
Mills River town,160,3743260,37,43260,7078,3177
Milton town,160,3743300,37,43300,155,97
Milwaukee CDP,160,3743320,37,43320,157,95
Mineral Springs town,160,3743360,37,43360,3159,1166
Minnesott Beach town,160,3743440,37,43440,530,365
Mint Hill town,160,3743480,37,43480,26450,10302
Misenheimer village,160,3743580,37,43580,650,125
Mocksville town,160,3743720,37,43720,5900,2529
Momeyer town,160,3743860,37,43860,277,140
Moncure CDP,160,3743880,37,43880,780,347
Monroe city,160,3743920,37,43920,34562,12924
Montreat town,160,3744100,37,44100,901,618
Mooresboro town,160,3744160,37,44160,293,135
Mooresville town,160,3744220,37,44220,50193,20842
Moravian Falls CDP,160,3744280,37,44280,1712,835
Morehead City town,160,3744320,37,44320,9556,5940
Morganton city,160,3744400,37,44400,17474,7559
Morrisville town,160,3744520,37,44520,29630,11757
Morven town,160,3744560,37,44560,329,171
Mountain Home CDP,160,3744700,37,44700,3490,1538
Mountain View CDP,160,3744770,37,44770,3590,1455
Mount Airy city,160,3744800,37,44800,10676,5378
Mount Gilead town,160,3744900,37,44900,1171,501
Mount Holly city,160,3744960,37,44960,17703,7687
Mount Olive town,160,3745100,37,45100,4198,1969
Mount Pleasant town,160,3745140,37,45140,1671,692
Moyock CDP,160,3745460,37,45460,5154,1775
Mulberry CDP,160,3745560,37,45560,2275,1058
Murfreesboro town,160,3745640,37,45640,2619,1069
Murphy town,160,3745660,37,45660,1608,825
Murraysville CDP,160,3745720,37,45720,16582,7303
Myrtle Grove CDP,160,3745840,37,45840,11476,4743
Nags Head town,160,3745880,37,45880,3168,5130
Nashville town,160,3746000,37,46000,5632,2625
Navassa town,160,3746060,37,46060,1367,619
Nebo CDP,160,3746100,37,46100,1790,833
Neuse Forest CDP,160,3746280,37,46280,2110,885
New Bern city,160,3746340,37,46340,31291,15655
New Hope CDP,160,3746650,37,46650,1588,706
Newland town,160,3746740,37,46740,715,380
New London town,160,3746820,37,46820,607,258
Newport town,160,3746860,37,46860,4364,1918
Newton city,160,3747000,37,47000,13148,5776
Newton Grove town,160,3747020,37,47020,585,263
Norlina town,160,3747240,37,47240,920,489
Norman town,160,3747260,37,47260,100,53
Northchase CDP,160,3747485,37,47485,3842,1696
Northlakes CDP,160,3747695,37,47695,1543,649
North Topsail Beach town,160,3747845,37,47845,1005,2675
Northwest city,160,3747860,37,47860,703,318
North Wilkesboro town,160,3747880,37,47880,4382,1941
Norwood town,160,3747980,37,47980,2367,1297
Oakboro town,160,3748040,37,48040,2128,884
Oak City town,160,3748060,37,48060,266,177
Oak Island town,160,3748345,37,48345,8396,9910
Oak Ridge town,160,3748480,37,48480,7474,2637
Ocean Isle Beach town,160,3748700,37,48700,867,3045
Ocracoke CDP,160,3748740,37,48740,797,966
Ogden CDP,160,3748790,37,48790,8200,3313
Old Fort town,160,3748920,37,48920,811,469
Old Hundred CDP,160,3748940,37,48940,218,92
Oriental town,160,3749380,37,49380,880,689
Orrum town,160,3749460,37,49460,59,36
Ossipee town,160,3749600,37,49600,536,255
Oxford city,160,3749800,37,49800,8628,3889
Pantego town,160,3750080,37,50080,164,83
Parkton town,160,3750340,37,50340,504,228
Parmele town,160,3750540,37,50540,243,124
Patterson Springs town,160,3750700,37,50700,571,257
Peachland town,160,3750820,37,50820,390,187
Peletier town,160,3751040,37,51040,769,501
Pembroke town,160,3751080,37,51080,2823,1263
Pikeville town,160,3751780,37,51780,712,332
Pilot Mountain town,160,3751820,37,51820,1440,734
Pinebluff town,160,3751840,37,51840,1473,639
Pinehurst village,160,3751940,37,51940,17581,9363
Pine Knoll Shores town,160,3752000,37,52000,1388,2057
Pine Level town,160,3752020,37,52020,2046,861
Pinetops town,160,3752140,37,52140,1200,610
Pinetown CDP,160,3752160,37,52160,147,71
Pineville town,160,3752220,37,52220,10602,5201
Piney Green CDP,160,3752260,37,52260,14386,6127
Pink Hill town,160,3752400,37,52400,451,215
Pinnacle CDP,160,3752500,37,52500,786,368
Pittsboro town,160,3752660,37,52660,4537,1901
Plain View CDP,160,3752685,37,52685,1923,795
Pleasant Garden town,160,3752760,37,52760,5000,2051
Pleasant Hill CDP,160,3752920,37,52920,831,427
Plymouth town,160,3753040,37,53040,3320,1755
Polkton town,160,3753140,37,53140,2250,390
Polkville city,160,3753160,37,53160,516,256
Pollocksville town,160,3753200,37,53200,268,163
Porters Neck CDP,160,3753475,37,53475,7397,3403
Potters Hill CDP,160,3753580,37,53580,437,212
Powellsville town,160,3753680,37,53680,189,117
Princeton town,160,3753820,37,53820,1315,611
Princeville town,160,3753840,37,53840,1254,631
Proctorville town,160,3753900,37,53900,121,50
Prospect CDP,160,3753950,37,53950,873,350
Pumpkin Center CDP,160,3754160,37,54160,1855,790
Raeford city,160,3754580,37,54580,4559,1946
Raemon CDP,160,3754600,37,54600,197,84
Raleigh city,160,3755000,37,55000,467665,208114
Ramseur town,160,3755040,37,55040,1774,728
Randleman city,160,3755080,37,55080,4595,1982
Ranlo town,160,3755260,37,55260,4511,1720
Raynham town,160,3755340,37,55340,60,27
Red Cross town,160,3755460,37,55460,762,344
Red Oak town,160,3755640,37,55640,3342,1373
Red Springs town,160,3755660,37,55660,3087,1520
Reidsville city,160,3755900,37,55900,14583,7280
Rennert town,160,3755940,37,55940,275,115
Rex CDP,160,3756100,37,56100,50,20
Rhodhiss town,160,3756240,37,56240,997,427
Richfield town,160,3756340,37,56340,582,260
Richlands town,160,3756360,37,56360,2287,892
Rich Square town,160,3756440,37,56440,894,414
Riegelwood CDP,160,3756600,37,56600,545,252
River Bend town,160,3756710,37,56710,2902,1596
River Road CDP,160,3756815,37,56815,4048,2026
Roanoke Rapids city,160,3756900,37,56900,15229,7248
Robbins town,160,3757000,37,57000,1168,465
Robbinsville town,160,3757020,37,57020,597,322
Roberdel CDP,160,3757039,37,57039,246,120
Robersonville town,160,3757100,37,57100,1269,692
Rockfish CDP,160,3757200,37,57200,3383,1306
Rockingham city,160,3757260,37,57260,9243,4357
Rockwell town,160,3757340,37,57340,2302,951
Rocky Mount city,160,3757500,37,57500,54341,26168
Rocky Point CDP,160,3757540,37,57540,1476,579
Rodanthe CDP,160,3757580,37,57580,213,530
Rolesville town,160,3757640,37,57640,9475,3086
Ronda town,160,3757700,37,57700,438,194
Roper town,160,3757740,37,57740,485,263
Roseboro town,160,3757800,37,57800,1163,575
Rose Hill town,160,3757860,37,57860,1371,654
Rosman town,160,3758020,37,58020,701,283
Rougemont CDP,160,3758040,37,58040,1001,454
Rowland town,160,3758140,37,58140,885,465
Roxboro city,160,3758160,37,58160,8134,3937
Roxobel town,160,3758180,37,58180,187,105
Royal Pines CDP,160,3758260,37,58260,4127,1900
Ruffin CDP,160,3758340,37,58340,322,160
Rural Hall town,160,3758360,37,58360,3351,1556
Ruth town,160,3758420,37,58420,347,163
Rutherford College town,160,3758440,37,58440,1226,582
Rutherfordton town,160,3758460,37,58460,3640,1816
St. Helena village,160,3758620,37,58620,417,171
St. James town,160,3758630,37,58630,6529,4163
St. Pauls town,160,3758720,37,58720,2045,955
St. Stephens CDP,160,3758730,37,58730,8852,3731
Salem CDP,160,3758740,37,58740,2356,1045
Salemburg town,160,3758840,37,58840,457,223
Salisbury city,160,3758860,37,58860,35540,15095
Saluda city,160,3758920,37,58920,631,474
Salvo CDP,160,3758940,37,58940,303,629
Sandy Creek town,160,3759090,37,59090,248,104
Sandyfield town,160,3759135,37,59135,430,176
Sanford city,160,3759280,37,59280,30261,12428
Saratoga town,160,3759340,37,59340,353,191
Sawmills town,160,3759540,37,59540,5020,2226
Saxapahaw CDP,160,3759580,37,59580,1671,795
Scotch Meadows CDP,160,3759765,37,59765,568,204
Scotland Neck town,160,3759780,37,59780,1640,928
Seaboard town,160,3759980,37,59980,542,328
Sea Breeze CDP,160,3760000,37,60000,2245,1113
Seagrove town,160,3760080,37,60080,235,120
Sedalia town,160,3760180,37,60180,676,303
Selma town,160,3760320,37,60320,6317,2643
Seven Devils town,160,3760505,37,60505,313,573
Seven Lakes CDP,160,3760515,37,60515,4900,2658
Seven Springs town,160,3760540,37,60540,55,37
Severn town,160,3760560,37,60560,191,108
Shallotte town,160,3760800,37,60800,4185,1946
Shannon CDP,160,3760940,37,60940,217,76
Sharpsburg town,160,3761060,37,61060,1697,858
Shelby city,160,3761200,37,61200,21918,10089
Siler City town,160,3761860,37,61860,7702,2918
Silver City CDP,160,3761920,37,61920,643,376
Silver Lake CDP,160,3761950,37,61950,6500,2692
Simpson village,160,3762040,37,62040,390,196
Sims town,160,3762060,37,62060,275,129
Skippers Corner CDP,160,3762190,37,62190,2912,1249
Smithfield town,160,3762520,37,62520,11292,4940
Smithtown CDP,160,3762580,37,62580,224,100
Sneads Ferry CDP,160,3762680,37,62680,2548,1680
Snow Hill town,160,3762760,37,62760,1481,775
Southern Pines town,160,3763120,37,63120,15545,8364
Southern Shores town,160,3763130,37,63130,3090,2506
South Henderson CDP,160,3763240,37,63240,988,458
South Mills CDP,160,3763340,37,63340,362,179
Southmont CDP,160,3763360,37,63360,1563,802
Southport city,160,3763400,37,63400,3971,2332
South Rosemary CDP,160,3763470,37,63470,2753,1356
South Weldon CDP,160,3763560,37,63560,550,264
Sparta town,160,3763680,37,63680,1834,920
Speed town,160,3763720,37,63720,63,33
Spencer town,160,3763760,37,63760,3308,1473
Spencer Mountain town,160,3763780,37,63780,0,0
Spindale town,160,3763880,37,63880,4225,1957
Spivey's Corner CDP,160,3763920,37,63920,576,209
Spout Springs CDP,160,3764000,37,64000,11040,3819
Springdale CDP,160,3764050,37,64050,1203,546
Spring Hope town,160,3764160,37,64160,1309,719
Spring Lake town,160,3764180,37,64180,11660,5359
Spruce Pine town,160,3764260,37,64260,2194,1064
Staley town,160,3764380,37,64380,397,168
Stallings town,160,3764420,37,64420,16112,6122
Stanfield town,160,3764460,37,64460,1585,611
Stanley town,160,3764500,37,64500,3963,1687
Stantonsburg town,160,3764560,37,64560,762,377
Star town,160,3764580,37,64580,806,355
Statesville city,160,3764740,37,64740,28419,12435
Stedman town,160,3764840,37,64840,1277,531
Stem town,160,3764940,37,64940,960,389
Stokes CDP,160,3765020,37,65020,357,175
Stokesdale town,160,3765040,37,65040,5924,2244
Stoneville town,160,3765100,37,65100,1308,614
Stonewall town,160,3765120,37,65120,214,115
Stony Point CDP,160,3765260,37,65260,1146,558
Stovall town,160,3765320,37,65320,324,166
Sugar Mountain village,160,3765530,37,65530,371,1563
Summerfield town,160,3765580,37,65580,10951,4014
Sunbury CDP,160,3765700,37,65700,276,147
Sunset Beach town,160,3765900,37,65900,4175,5066
Surf City town,160,3766040,37,66040,3867,4145
Swannanoa CDP,160,3766280,37,66280,5021,2065
Swan Quarter CDP,160,3766340,37,66340,275,182
Swansboro town,160,3766360,37,66360,3744,1821
Swepsonville town,160,3766460,37,66460,2445,975
Sylva town,160,3766500,37,66500,2578,1213
Tabor City town,160,3766520,37,66520,3781,1232
Tarboro town,160,3766700,37,66700,10721,5058
Tar Heel town,160,3766740,37,66740,90,53
Taylorsville town,160,3766960,37,66960,2320,1110
Taylortown town,160,3766980,37,66980,634,313
Teachey town,160,3767000,37,67000,448,197
Thomasville city,160,3767420,37,67420,27183,11883
Toast CDP,160,3767700,37,67700,1423,691
Tobaccoville village,160,3767720,37,67720,2578,1157
Topsail Beach town,160,3768040,37,68040,461,1359
Trenton town,160,3768320,37,68320,238,114
Trent Woods town,160,3768340,37,68340,4074,1843
Trinity city,160,3768400,37,68400,7006,3032
Troutman town,160,3768500,37,68500,3698,1460
Troy town,160,3768520,37,68520,2850,1204
Tryon town,160,3768580,37,68580,1562,960
Turkey town,160,3768740,37,68740,213,94
Tyro CDP,160,3769020,37,69020,3753,1586
Unionville town,160,3769260,37,69260,6643,2508
Valdese town,160,3769520,37,69520,4689,2135
Valle Crucis CDP,160,3769600,37,69600,436,315
Valley Hill CDP,160,3769640,37,69640,2207,1185
Vanceboro town,160,3769680,37,69680,869,426
Vandemere town,160,3769720,37,69720,246,136
Vander CDP,160,3769740,37,69740,1388,620
Vann Crossroads CDP,160,3769755,37,69755,306,134
Varnamtown town,160,3769795,37,69795,525,274
Vass town,160,3769840,37,69840,952,411
Waco town,160,3770320,37,70320,310,133
Wade town,160,3770340,37,70340,638,310
Wadesboro town,160,3770380,37,70380,5008,2368
Wagram town,160,3770480,37,70480,615,320
Wake Forest town,160,3770540,37,70540,47601,17828
Wakulla CDP,160,3770580,37,70580,112,49
Walkertown town,160,3770660,37,70660,5692,2598
Wallace town,160,3770720,37,70720,3413,1597
Wallburg town,160,3770740,37,70740,3051,1245
Walnut Cove town,160,3770780,37,70780,1586,769
Walnut Creek village,160,3770820,37,70820,1084,451
Walstonburg town,160,3770860,37,70860,193,107
Wanchese CDP,160,3770920,37,70920,1522,704
Warrenton town,160,3771100,37,71100,851,528
Warsaw town,160,3771160,37,71160,2733,1394
Washington city,160,3771220,37,71220,9875,5023
Washington Park town,160,3771240,37,71240,392,216
Watha town,160,3771320,37,71320,181,86
Waves CDP,160,3771440,37,71440,172,362
Waxhaw town,160,3771460,37,71460,20534,6410
Waynesville town,160,3771500,37,71500,10140,5525
Weaverville town,160,3771560,37,71560,4567,2354
Webster town,160,3771600,37,71600,372,184
Weddington town,160,3771680,37,71680,13181,4297
Welcome CDP,160,3771760,37,71760,4131,1810
Weldon town,160,3771780,37,71780,1444,732
Wendell town,160,3771860,37,71860,9793,3868
Wentworth town,160,3771900,37,71900,2662,1113
Wesley Chapel village,160,3771940,37,71940,8681,2887
West Canton CDP,160,3772150,37,72150,1265,586
West Jefferson town,160,3772540,37,72540,1279,721
West Marion CDP,160,3772600,37,72600,1226,568
Westport CDP,160,3772755,37,72755,5705,2293
Whispering Pines village,160,3773140,37,73140,4987,1858
Whitakers town,160,3773160,37,73160,627,354
White Lake town,160,3773300,37,73300,843,1146
White Oak CDP,160,3773320,37,73320,346,147
White Plains CDP,160,3773460,37,73460,1025,492
Whiteville city,160,3773660,37,73660,4766,2425
Whitsett town,160,3773760,37,73760,584,271
Whittier CDP,160,3773780,37,73780,25,16
Wilkesboro town,160,3774020,37,74020,3687,1685
Williamston town,160,3774220,37,74220,5248,2671
Wilmington city,160,3774440,37,74440,115451,59484
Wilson city,160,3774540,37,74540,47851,22504
Wilson's Mills town,160,3774580,37,74580,2534,958
Windsor town,160,3774680,37,74680,3582,1157
Winfall town,160,3774720,37,74720,555,272
Wingate town,160,3774760,37,74760,4055,1013
Winston-Salem city,160,3775000,37,75000,249545,112140
Winterville town,160,3775060,37,75060,10462,4166
Winton town,160,3775080,37,75080,629,336
Woodfin town,160,3775280,37,75280,7936,3689
Woodland town,160,3775340,37,75340,557,320
Woodlawn CDP,160,3775375,37,75375,912,382
Wrightsboro CDP,160,3775780,37,75780,5526,2348
Wrightsville Beach town,160,3775820,37,75820,2473,2819
Yadkin College CDP,160,3775880,37,75880,377,183
Yadkinville town,160,3775960,37,75960,2995,1203
Yanceyville town,160,3776000,37,76000,1937,744
Youngsville town,160,3776200,37,76200,2016,903
Zebulon town,160,3776220,37,76220,6903,2682
